{
    "Q\u2660\ufe0f_J": {
        "count": 2,
        "timestamp": 1768488484.9121714,
        "expires_at": 1768492084.9121714
    }
}